feature,importance,fold
POLICY_Imported_or_Domestic_Car_index_10_MEAN,69.32387971878052,1
POLICY_Imported_or_Domestic_Car_index_90_MEAN,7.732420206069946,1
POLICY_Insurance_Coverage_07P_MEAN,7.43222975730896,1
POLICY_Insurance_Coverage_45@_MEAN,0.0,1
POLICY_Insurance_Coverage_47B_MEAN,0.0,1
POLICY_Insurance_Coverage_40M_MEAN,45.32404017448425,1
POLICY_Insurance_Coverage_12L_MEAN,447.42807149887085,1
POLICY_Multiple_Products_with_TmNewa_(Yes_or_No?)_MAX,336.81757521629333,1
POLICY_Multiple_Products_with_TmNewa_(Yes_or_No?)_MEAN,55.77412033081055,1
POLICY_Multiple_Products_with_TmNewa_(Yes_or_No?)_SUM,454.5479986667633,1
POLICY_Manafactured_Year_and_Month_diff_MAX,6220.400564432144,1
POLICY_Imported_or_Domestic_Car_index_50_MEAN,0.0,1
POLICY_Imported_or_Domestic_Car_index_22_MEAN,0.0,1
POLICY_Insurance_Coverage_18@_MEAN,162.14265060424805,1
POLICY_Imported_or_Domestic_Car_index_40_MEAN,28.191580295562744,1
POLICY_Insurance_Coverage_03L_MEAN,64.916100025177,1
POLICY_Policy_days_from_dbirth_MEAN,3065.3255007267,1
POLICY_Insurance_Coverage_15F_MEAN,111.42454957962036,1
POLICY_Insurance_Coverage_46A_MEAN,0.0,1
POLICY_Main_Insurance_Coverage_Group_車責_MEAN,377.4127733707428,1
POLICY_Insurance_Coverage_68E_MEAN,0.0,1
POLICY_iply_area_area_20_MEAN,0.0,1
POLICY_Insured_Amount3_MAX,35914.96811461449,1
POLICY_Insured_Amount3_MEAN,1973.1579139232635,1
POLICY_Insured_Amount3_SUM,977.46138215065,1
POLICY_Main_Insurance_Coverage_Group_竊盜_MEAN,18870.04837012291,1
POLICY_Insurance_Coverage_33O_MEAN,0.0,1
POLICY_Coverage_Deductible_if_applied_MAX,86.32261919975281,1
POLICY_Coverage_Deductible_if_applied_MEAN,708.4690680503845,1
POLICY_Coverage_Deductible_if_applied_SUM,126.54986929893494,1
POLICY_lia_class_MAX,32110.04157280922,1
POLICY_lia_class_MEAN,31.50748085975647,1
POLICY_Insurance_Coverage_01A_MEAN,98.66994118690491,1
POLICY_Insurance_Coverage_01J_MEAN,0.0,1
POLICY_Main_Insurance_Coverage_Group_車損_MEAN,717.5257147550583,1
POLICY_Insurance_Coverage_56B_MEAN,0.0,1
POLICY_Insurance_Coverage_05N_MEAN,1479.741188287735,1
POLICY_Premium_MAX,4859.477028608322,1
POLICY_Premium_MEAN,3388.9340586662292,1
POLICY_Premium_SUM,1837.287407040596,1
POLICY_Insurance_Coverage_51O_MEAN,1127.3069067001343,1
POLICY_fassured_cat_1_MEAN,0.0,1
POLICY_Insurance_Coverage_70P_MEAN,0.0,1
POLICY_iply_area_area_5_MEAN,56.71909999847412,1
POLICY_Insurance_Coverage_16P_MEAN,219.51537132263184,1
POLICY_Insurance_Coverage_14E_MEAN,183.00184035301208,1
POLICY_Imported_or_Domestic_Car_index_23_MEAN,0.0,1
POLICY_Insurance_Coverage_66L_MEAN,0.0,1
POLICY_Insurance_Coverage_56K_MEAN,0.0,1
POLICY_Insurance_Coverage_70G_MEAN,0.0,1
POLICY_Insurance_Coverage_34P_MEAN,0.0,1
POLICY_Imported_or_Domestic_Car_index_30_MEAN,105.12906837463379,1
POLICY_plia_acc_MAX,15879.336589813232,1
POLICY_plia_acc_MEAN,1534.5257682800293,1
POLICY_iply_area_area_18_MEAN,0.0,1
POLICY_Insurance_Coverage_33F_MEAN,0.0,1
POLICY_Insurance_Coverage_20B_MEAN,308.5496280193329,1
POLICY_iply_area_area_1_MEAN,0.0,1
POLICY_Insurance_Coverage_32N_MEAN,0.0,1
POLICY_Insurance_Coverage_27I_MEAN,0.0,1
POLICY_Insurance_Coverage_15O_MEAN,74.42452001571655,1
POLICY_iply_area_area_16_MEAN,0.0,1
POLICY_iply_area_area_6_MEAN,37.35912013053894,1
POLICY_fassured_cat_0_MEAN,22.875589847564697,1
POLICY_Manafactured_Year_and_Month_MAX,111.6480405330658,1
POLICY_Insurance_Coverage_72@_MEAN,0.0,1
POLICY_Insurance_Coverage_14N_MEAN,0.0,1
POLICY_Insured_Amount2_MAX,249.62804889678955,1
POLICY_Insured_Amount2_MEAN,637.6014399528503,1
POLICY_Insured_Amount2_SUM,407.0763077735901,1
POLICY_iply_area_area_14_MEAN,115.44796085357666,1
POLICY_Insurance_Coverage_68N_MEAN,0.0,1
POLICY_New_Insured_Amount_max_MAX,66.32713985443115,1
POLICY_New_Insured_Amount_max_MEAN,54.25824046134949,1
POLICY_New_Insured_Amount_max_SUM,69.01788020133972,1
POLICY_iply_area_area_8_MEAN,155.2973916530609,1
POLICY_iply_area_area_7_MEAN,9.561140060424805,1
POLICY_iply_area_area_13_MEAN,13.2150297164917,1
POLICY_Insurance_Coverage_57C_MEAN,0.0,1
POLICY_iply_area_area_2_MEAN,196.83700966835022,1
POLICY_iply_area_area_10_MEAN,20.9511296749115,1
POLICY_Insurance_Coverage_65K_MEAN,0.0,1
POLICY_Deductible_calc_MAX,19024.370335817337,1
POLICY_Deductible_calc_MEAN,538.3824105262756,1
POLICY_Deductible_calc_SUM,340.0914900302887,1
POLICY_Insured_Amount1_MAX,424.1218423843384,1
POLICY_Insured_Amount1_MEAN,897.9710221290588,1
POLICY_Insured_Amount1_SUM,897.6196703910828,1
POLICY_iply_area_area_0_MEAN,202.67475938796997,1
POLICY_iply_area_area_4_MEAN,58.886759757995605,1
POLICY_qpt_MAX,1853.6809861660004,1
POLICY_qpt_MEAN,143.95134687423706,1
POLICY_iply_area_area_19_MEAN,0.0,1
POLICY_Insurance_Coverage_16G_MEAN,4466.0023188591,1
POLICY_Insurance_Coverage_05E_MEAN,192.58581817150116,1
POLICY_Insurance_Coverage_36I_MEAN,0.0,1
POLICY_Insurance_Coverage_37J_MEAN,0.0,1
POLICY_Insurance_Coverage_71H_MEAN,0.0,1
POLICY_Insurance_Coverage_29K_MEAN,270.7053496837616,1
POLICY_Policy_days_from_ibirth_MEAN,7774.9666838645935,1
POLICY_Insurance_Coverage_06F_MEAN,23.569039821624756,1
POLICY_Insurance_Coverage_04M_MEAN,2128.6536993980408,1
POLICY_Insurance_Coverage_35H_MEAN,0.0,1
POLICY_iply_area_area_21_MEAN,0.0,1
POLICY_Insurance_Coverage_66C_MEAN,0.0,1
POLICY_iply_area_area_12_MEAN,11.55062985420227,1
POLICY_Insurance_Coverage_10A_MEAN,190.69229125976562,1
POLICY_fassured_cat_2_MEAN,0.0,1
POLICY_Insurance_Coverage_41E_MEAN,0.0,1
POLICY_iply_area_area_9_MEAN,88.52713894844055,1
POLICY_pdmg_acc_MAX,2476.73414850235,1
POLICY_pdmg_acc_MEAN,3361.7529168128967,1
POLICY_iply_area_area_15_MEAN,2.472939968109131,1
POLICY_Insurance_Coverage_02K_MEAN,144.20177841186523,1
POLICY_Insurance_Coverage_00I_MEAN,53.85719084739685,1
POLICY_Insurance_Coverage_42F_MEAN,7.440609931945801,1
POLICY_Insurance_Coverage_26H_MEAN,167.25898098945618,1
POLICY_Imported_or_Domestic_Car_index_24_MEAN,31.864469289779663,1
POLICY_Insurance_Coverage_29B_MEAN,303.59393858909607,1
POLICY_Insurance_Coverage_67D_MEAN,0.0,1
POLICY_iply_area_area_11_MEAN,0.0,1
POLICY_Engine_Displacement_(Cubic_Centimeter)_MAX,3612.842923760414,1
POLICY_Insurance_Coverage_55J_MEAN,435.51101565361023,1
POLICY_Insurance_Coverage_18I_MEAN,0.0,1
POLICY_Replacement_cost_of_insured_vehicle_MAX,1790.0311415195465,1
POLICY_Replacement_cost_of_insured_vehicle_MEAN,48.592469692230225,1
POLICY_Replacement_cost_of_insured_vehicle_SUM,1107.594172000885,1
POLICY_Insurance_Coverage_57L_MEAN,58.80727958679199,1
POLICY_iply_area_area_17_MEAN,0.0,1
POLICY_Insurance_Coverage_20K_MEAN,589.8490421772003,1
POLICY_Insurance_Coverage_25G_MEAN,0.0,1
POLICY_fassured_cat_3_MEAN,0.0,1
POLICY_iply_area_area_3_MEAN,107.37708902359009,1
POLICY_Insurance_Coverage_09@_MEAN,89.24062967300415,1
POLICY_Imported_or_Domestic_Car_index_20_MEAN,0.0,1
POLICY_Insurance_Coverage_09I_MEAN,0.0,1
POLICY_Insurance_Coverage_08H_MEAN,16.306729793548584,1
POLICY_Imported_or_Domestic_Car_index_21_MEAN,0.0,1
POLICY_Insurance_Coverage_41N_MEAN,267.0342149734497,1
POLICY_COUNT,77.67066979408264,1
POLICY_CURR_Insured_Amount3_MAX,0.0,1
POLICY_CURR_Insured_Amount3_MEAN,567.9575090408325,1
POLICY_CURR_Insured_Amount3_SUM,0.0,1
POLICY_CURR_Insured_Amount1_MAX,0.0,1
POLICY_CURR_Insured_Amount1_MEAN,439.4359321594238,1
POLICY_CURR_Insured_Amount1_SUM,45.704580783843994,1
POLICY_CURR_New_Insured_Amount_max_MAX,0.0,1
POLICY_CURR_New_Insured_Amount_max_MEAN,31.422420024871826,1
POLICY_CURR_New_Insured_Amount_max_SUM,0.0,1
POLICY_CURR_Premium_MAX,42254.33875966072,1
POLICY_CURR_Premium_MEAN,3507.4704871177673,1
POLICY_CURR_Premium_SUM,32134.858644247055,1
POLICY_CURR_Insured_to_Premium_ratio_MAX,10061.231644630432,1
POLICY_CURR_Insured_to_Premium_ratio_MEAN,3213.9158565998077,1
POLICY_CURR_Insured_Amount2_MAX,3.333250045776367,1
POLICY_CURR_Insured_Amount2_MEAN,230.4437186717987,1
POLICY_CURR_Insured_Amount2_SUM,5.819340229034424,1
POLICY_CURR_Deductible_calc_MAX,1411.406495332718,1
POLICY_CURR_Deductible_calc_MEAN,529.4531300067902,1
POLICY_CURR_Deductible_calc_SUM,306.74066734313965,1
CLAIM_Coverage_70P_MEAN,0.0,1
CLAIM_Coverage_41N_MEAN,0.0,1
CLAIM_Coverage_03L_MEAN,0.0,1
CLAIM_Coverage_16P_MEAN,3656.3396515846252,1
CLAIM_Marital_Status_of_Driver_stat_2_MEAN,17.87137007713318,1
CLAIM_Coverage_10A_MEAN,0.0,1
CLAIM_Driver_days_from_accident_MEAN,2253.757328748703,1
CLAIM_Coverage_15O_MEAN,0.0,1
CLAIM_Coverage_15F_MEAN,0.0,1
CLAIM_Cause_of_Loss_cause_2_MEAN,0.0,1
CLAIM_Coverage_00I_MEAN,0.0,1
CLAIM_Coverage_32N_MEAN,0.0,1
CLAIM_Cause_of_Loss_cause_9_MEAN,0.0,1
CLAIM_Coverage_02K_MEAN,0.0,1
CLAIM_Coverage_14N_MEAN,0.0,1
CLAIM_Coverage_57C_MEAN,0.0,1
CLAIM_Coverage_18@_MEAN,0.0,1
CLAIM_Driver's_Relationship_with_Insured_rls_4_MEAN,0.0,1
CLAIM_Cause_of_Loss_cause_14_MEAN,0.0,1
CLAIM_Coverage_42F_MEAN,0.0,1
CLAIM_Coverage_05N_MEAN,0.0,1
CLAIM_Cause_of_Loss_cause_3_MEAN,0.0,1
CLAIM_Coverage_20B_MEAN,226.93940496444702,1
CLAIM_Coverage_12L_MEAN,0.0,1
CLAIM_Cause_of_Loss_cause_11_MEAN,0.0,1
CLAIM_Cause_of_Loss_cause_6_MEAN,0.0,1
CLAIM_Coverage_56B_MEAN,0.0,1
CLAIM_Paid_Loss_Amount_MEAN,3746.3163137435913,1
CLAIM_Paid_Loss_Amount_MAX,3227.6845264434814,1
CLAIM_Paid_Loss_Amount_SUM,1833.150339603424,1
CLAIM_Coverage_41E_MEAN,0.0,1
CLAIM_Cause_of_Loss_cause_10_MEAN,0.0,1
CLAIM_Coverage_34P_MEAN,0.0,1
CLAIM_Coverage_45@_MEAN,0.0,1
CLAIM_Driver's_Gender_MEAN,279.5787708759308,1
CLAIM_Coverage_01A_MEAN,0.0,1
CLAIM_Cause_of_Loss_cause_5_MEAN,4.236670017242432,1
CLAIM_Driver's_Relationship_with_Insured_rls_5_MEAN,47.96183967590332,1
CLAIM_Nature_of_the_claim_MEAN,17.47571039199829,1
CLAIM_Nature_of_the_claim_MAX,0.0,1
CLAIM_At_Fault?_MAX,395.7988510131836,1
CLAIM_At_Fault?_MEAN,275.3741412162781,1
CLAIM_At_Fault?_SUM,971.6976461410522,1
CLAIM_Coverage_40M_MEAN,0.0,1
CLAIM_Coverage_06F_MEAN,0.0,1
CLAIM_paid_Expenses_Amount_MAX,85.00442028045654,1
CLAIM_paid_Expenses_Amount_MEAN,183.83801889419556,1
CLAIM_paid_Expenses_Amount_SUM,45.69294023513794,1
CLAIM_Coverage_57L_MEAN,0.0,1
CLAIM_Cause_of_Loss_cause_1_MEAN,46.10629987716675,1
CLAIM_Coverage_35H_MEAN,0.0,1
CLAIM_Coverage_04M_MEAN,35.80701994895935,1
CLAIM_Driver's_Relationship_with_Insured_rls_1_MEAN,165.76915979385376,1
CLAIM_Driver's_Relationship_with_Insured_rls_2_MEAN,21.096579551696777,1
CLAIM_Driver's_Relationship_with_Insured_rls_7_MEAN,0.0,1
CLAIM_Cause_of_Loss_cause_13_MEAN,0.0,1
CLAIM_Deductible_MAX,0.0,1
CLAIM_Deductible_MEAN,0.0,1
CLAIM_Deductible_SUM,0.0,1
CLAIM_number_of_claimants_MAX,19.003990173339844,1
CLAIM_number_of_claimants_MEAN,202.02825355529785,1
CLAIM_number_of_claimants_SUM,153.0771598815918,1
CLAIM_Coverage_18I_MEAN,0.0,1
CLAIM_Salvage_or_Subrogation?_MAX,70.24691998958588,1
CLAIM_Salvage_or_Subrogation?_MEAN,29.292439460754395,1
CLAIM_Salvage_or_Subrogation?_SUM,33.439249753952026,1
CLAIM_Driver_days_from_birth_MEAN,427.47395300865173,1
CLAIM_Coverage_26H_MEAN,0.0,1
CLAIM_Cause_of_Loss_cause_4_MEAN,0.0,1
CLAIM_Coverage_25G_MEAN,0.0,1
CLAIM_Coverage_14E_MEAN,0.0,1
CLAIM_Coverage_07P_MEAN,0.0,1
CLAIM_Coverage_29B_MEAN,0.0,1
CLAIM_Coverage_56K_MEAN,0.0,1
CLAIM_Cause_of_Loss_cause_12_MEAN,0.0,1
CLAIM_Cause_of_Loss_cause_15_MEAN,0.0,1
CLAIM_Cause_of_Loss_cause_8_MEAN,0.0,1
CLAIM_Coverage_55J_MEAN,18.76463007926941,1
CLAIM_Cause_of_Loss_cause_16_MEAN,0.0,1
CLAIM_Coverage_66L_MEAN,0.0,1
CLAIM_Coverage_33O_MEAN,0.0,1
CLAIM_Coverage_29K_MEAN,0.0,1
CLAIM_Coverage_16G_MEAN,68.8086187839508,1
CLAIM_Coverage_33F_MEAN,0.0,1
CLAIM_Coverage_46A_MEAN,0.0,1
CLAIM_Driver's_Relationship_with_Insured_rls_6_MEAN,14.05452013015747,1
CLAIM_Cause_of_Loss_cause_7_MEAN,0.0,1
CLAIM_Coverage_05E_MEAN,0.0,1
CLAIM_Coverage_08H_MEAN,0.0,1
CLAIM_Coverage_51O_MEAN,9.34859013557434,1
CLAIM_Marital_Status_of_Driver_stat_1_MEAN,15.243299961090088,1
CLAIM_Coverage_36I_MEAN,0.0,1
CLAIM_Driver's_Relationship_with_Insured_rls_3_MEAN,32.88216042518616,1
CLAIM_Cause_of_Loss_cause_0_MEAN,7468.278317451477,1
CLAIM_Coverage_20K_MEAN,59.5762894153595,1
CLAIM_Coverage_09@_MEAN,0.0,1
CLAIM_Coverage_70G_MEAN,0.0,1
CLAIM_COUNT,8.257190227508545,1
CLAIM_NUNIQUE_COUNT,110.98603057861328,1
POLICY_Imported_or_Domestic_Car_index_10_MEAN,97.36737060546875,2
POLICY_Imported_or_Domestic_Car_index_90_MEAN,22.588799953460693,2
POLICY_Insurance_Coverage_07P_MEAN,5.969150066375732,2
POLICY_Insurance_Coverage_45@_MEAN,0.0,2
POLICY_Insurance_Coverage_47B_MEAN,0.0,2
POLICY_Insurance_Coverage_40M_MEAN,44.02676010131836,2
POLICY_Insurance_Coverage_12L_MEAN,385.48559403419495,2
POLICY_Multiple_Products_with_TmNewa_(Yes_or_No?)_MAX,454.9357545375824,2
POLICY_Multiple_Products_with_TmNewa_(Yes_or_No?)_MEAN,0.0,2
POLICY_Multiple_Products_with_TmNewa_(Yes_or_No?)_SUM,424.5323865413666,2
POLICY_Manafactured_Year_and_Month_diff_MAX,5556.677474498749,2
POLICY_Imported_or_Domestic_Car_index_50_MEAN,20.211340188980103,2
POLICY_Imported_or_Domestic_Car_index_22_MEAN,0.0,2
POLICY_Insurance_Coverage_18@_MEAN,87.5189299583435,2
POLICY_Imported_or_Domestic_Car_index_40_MEAN,28.00387978553772,2
POLICY_Insurance_Coverage_03L_MEAN,60.148900508880615,2
POLICY_Policy_days_from_dbirth_MEAN,3007.9298083782196,2
POLICY_Insurance_Coverage_15F_MEAN,75.31126976013184,2
POLICY_Insurance_Coverage_46A_MEAN,0.0,2
POLICY_Main_Insurance_Coverage_Group_車責_MEAN,440.6259596347809,2
POLICY_Insurance_Coverage_68E_MEAN,0.0,2
POLICY_iply_area_area_20_MEAN,0.0,2
POLICY_Insured_Amount3_MAX,30876.999265909195,2
POLICY_Insured_Amount3_MEAN,2849.7364127635956,2
POLICY_Insured_Amount3_SUM,1050.5975179672241,2
POLICY_Main_Insurance_Coverage_Group_竊盜_MEAN,19707.6975646019,2
POLICY_Insurance_Coverage_33O_MEAN,0.0,2
POLICY_Coverage_Deductible_if_applied_MAX,47.602259159088135,2
POLICY_Coverage_Deductible_if_applied_MEAN,888.0802793502808,2
POLICY_Coverage_Deductible_if_applied_SUM,116.16443848609924,2
POLICY_lia_class_MAX,40200.62144732475,2
POLICY_lia_class_MEAN,24.903590202331543,2
POLICY_Insurance_Coverage_01A_MEAN,50.7425000667572,2
POLICY_Insurance_Coverage_01J_MEAN,0.0,2
POLICY_Main_Insurance_Coverage_Group_車損_MEAN,878.2572340965271,2
POLICY_Insurance_Coverage_56B_MEAN,0.0,2
POLICY_Insurance_Coverage_05N_MEAN,2207.782358646393,2
POLICY_Premium_MAX,5217.743386507034,2
POLICY_Premium_MEAN,4219.392325043678,2
POLICY_Premium_SUM,2203.556766986847,2
POLICY_Insurance_Coverage_51O_MEAN,1038.5467393398285,2
POLICY_fassured_cat_1_MEAN,215.48300170898438,2
POLICY_Insurance_Coverage_70P_MEAN,0.0,2
POLICY_iply_area_area_5_MEAN,43.549399852752686,2
POLICY_Insurance_Coverage_16P_MEAN,281.9809994697571,2
POLICY_Insurance_Coverage_14E_MEAN,155.55168986320496,2
POLICY_Imported_or_Domestic_Car_index_23_MEAN,0.0,2
POLICY_Insurance_Coverage_66L_MEAN,0.0,2
POLICY_Insurance_Coverage_56K_MEAN,0.0,2
POLICY_Insurance_Coverage_70G_MEAN,0.0,2
POLICY_Insurance_Coverage_34P_MEAN,0.0,2
POLICY_Imported_or_Domestic_Car_index_30_MEAN,71.41779851913452,2
POLICY_plia_acc_MAX,8679.455446720123,2
POLICY_plia_acc_MEAN,195.20357751846313,2
POLICY_iply_area_area_18_MEAN,0.0,2
POLICY_Insurance_Coverage_33F_MEAN,0.0,2
POLICY_Insurance_Coverage_20B_MEAN,157.60063982009888,2
POLICY_iply_area_area_1_MEAN,42.3073205947876,2
POLICY_Insurance_Coverage_32N_MEAN,0.0,2
POLICY_Insurance_Coverage_27I_MEAN,0.0,2
POLICY_Insurance_Coverage_15O_MEAN,121.19846868515015,2
POLICY_iply_area_area_16_MEAN,0.0,2
POLICY_iply_area_area_6_MEAN,10.27619981765747,2
POLICY_fassured_cat_0_MEAN,0.0,2
POLICY_Manafactured_Year_and_Month_MAX,129.42558217048645,2
POLICY_Insurance_Coverage_72@_MEAN,0.0,2
POLICY_Insurance_Coverage_14N_MEAN,0.0,2
POLICY_Insured_Amount2_MAX,90.80280017852783,2
POLICY_Insured_Amount2_MEAN,550.5738596916199,2
POLICY_Insured_Amount2_SUM,410.1320879459381,2
POLICY_iply_area_area_14_MEAN,96.5467278957367,2
POLICY_Insurance_Coverage_68N_MEAN,0.0,2
POLICY_New_Insured_Amount_max_MAX,74.41561985015869,2
POLICY_New_Insured_Amount_max_MEAN,51.49083995819092,2
POLICY_New_Insured_Amount_max_SUM,80.78636074066162,2
POLICY_iply_area_area_8_MEAN,132.21120023727417,2
POLICY_iply_area_area_7_MEAN,35.17146921157837,2
POLICY_iply_area_area_13_MEAN,41.56214904785156,2
POLICY_Insurance_Coverage_57C_MEAN,0.0,2
POLICY_iply_area_area_2_MEAN,212.26001167297363,2
POLICY_iply_area_area_10_MEAN,40.93704009056091,2
POLICY_Insurance_Coverage_65K_MEAN,0.0,2
POLICY_Deductible_calc_MAX,17098.170770406723,2
POLICY_Deductible_calc_MEAN,744.9829385280609,2
POLICY_Deductible_calc_SUM,727.090075969696,2
POLICY_Insured_Amount1_MAX,405.0510103702545,2
POLICY_Insured_Amount1_MEAN,1086.0227446556091,2
POLICY_Insured_Amount1_SUM,936.6260530948639,2
POLICY_iply_area_area_0_MEAN,182.0260193347931,2
POLICY_iply_area_area_4_MEAN,46.483550786972046,2
POLICY_qpt_MAX,1645.402336359024,2
POLICY_qpt_MEAN,184.51634168624878,2
POLICY_iply_area_area_19_MEAN,0.0,2
POLICY_Insurance_Coverage_16G_MEAN,3037.1335203647614,2
POLICY_Insurance_Coverage_05E_MEAN,168.93734097480774,2
POLICY_Insurance_Coverage_36I_MEAN,0.0,2
POLICY_Insurance_Coverage_37J_MEAN,0.0,2
POLICY_Insurance_Coverage_71H_MEAN,0.0,2
POLICY_Insurance_Coverage_29K_MEAN,224.28011846542358,2
POLICY_Policy_days_from_ibirth_MEAN,8090.789847612381,2
POLICY_Insurance_Coverage_06F_MEAN,3.9360299110412598,2
POLICY_Insurance_Coverage_04M_MEAN,2949.9816489219666,2
POLICY_Insurance_Coverage_35H_MEAN,0.0,2
POLICY_iply_area_area_21_MEAN,0.0,2
POLICY_Insurance_Coverage_66C_MEAN,0.0,2
POLICY_iply_area_area_12_MEAN,19.23118019104004,2
POLICY_Insurance_Coverage_10A_MEAN,142.72147035598755,2
POLICY_fassured_cat_2_MEAN,0.0,2
POLICY_Insurance_Coverage_41E_MEAN,0.0,2
POLICY_iply_area_area_9_MEAN,43.646910190582275,2
POLICY_pdmg_acc_MAX,2167.655930519104,2
POLICY_pdmg_acc_MEAN,2301.5892944335938,2
POLICY_iply_area_area_15_MEAN,31.440459966659546,2
POLICY_Insurance_Coverage_02K_MEAN,203.47267055511475,2
POLICY_Insurance_Coverage_00I_MEAN,98.29018950462341,2
POLICY_Insurance_Coverage_42F_MEAN,0.0,2
POLICY_Insurance_Coverage_26H_MEAN,82.09048986434937,2
POLICY_Imported_or_Domestic_Car_index_24_MEAN,40.90477967262268,2
POLICY_Insurance_Coverage_29B_MEAN,149.84508991241455,2
POLICY_Insurance_Coverage_67D_MEAN,0.0,2
POLICY_iply_area_area_11_MEAN,8.268589973449707,2
POLICY_Engine_Displacement_(Cubic_Centimeter)_MAX,3180.432028770447,2
POLICY_Insurance_Coverage_55J_MEAN,316.6855185031891,2
POLICY_Insurance_Coverage_18I_MEAN,0.0,2
POLICY_Replacement_cost_of_insured_vehicle_MAX,1688.8703125715256,2
POLICY_Replacement_cost_of_insured_vehicle_MEAN,64.76488018035889,2
POLICY_Replacement_cost_of_insured_vehicle_SUM,1156.160127401352,2
POLICY_Insurance_Coverage_57L_MEAN,104.66344046592712,2
POLICY_iply_area_area_17_MEAN,0.0,2
POLICY_Insurance_Coverage_20K_MEAN,496.3477611541748,2
POLICY_Insurance_Coverage_25G_MEAN,0.0,2
POLICY_fassured_cat_3_MEAN,0.0,2
POLICY_iply_area_area_3_MEAN,65.39263010025024,2
POLICY_Insurance_Coverage_09@_MEAN,103.40962958335876,2
POLICY_Imported_or_Domestic_Car_index_20_MEAN,2.5719499588012695,2
POLICY_Insurance_Coverage_09I_MEAN,0.0,2
POLICY_Insurance_Coverage_08H_MEAN,48.734469413757324,2
POLICY_Imported_or_Domestic_Car_index_21_MEAN,0.0,2
POLICY_Insurance_Coverage_41N_MEAN,244.23913955688477,2
POLICY_COUNT,97.57156133651733,2
POLICY_CURR_Insured_Amount3_MAX,22.46732997894287,2
POLICY_CURR_Insured_Amount3_MEAN,448.6308476924896,2
POLICY_CURR_Insured_Amount3_SUM,6.184070110321045,2
POLICY_CURR_Insured_Amount1_MAX,16.386579751968384,2
POLICY_CURR_Insured_Amount1_MEAN,342.4158103466034,2
POLICY_CURR_Insured_Amount1_SUM,69.24595999717712,2
POLICY_CURR_New_Insured_Amount_max_MAX,0.0,2
POLICY_CURR_New_Insured_Amount_max_MEAN,11.305200099945068,2
POLICY_CURR_New_Insured_Amount_max_SUM,0.0,2
POLICY_CURR_Premium_MAX,49038.923914432526,2
POLICY_CURR_Premium_MEAN,1481.209371805191,2
POLICY_CURR_Premium_SUM,22083.63871073723,2
POLICY_CURR_Insured_to_Premium_ratio_MAX,22267.711963891983,2
POLICY_CURR_Insured_to_Premium_ratio_MEAN,2509.9230785369873,2
POLICY_CURR_Insured_Amount2_MAX,23.712030172348022,2
POLICY_CURR_Insured_Amount2_MEAN,231.1371304988861,2
POLICY_CURR_Insured_Amount2_SUM,15.716409921646118,2
POLICY_CURR_Deductible_calc_MAX,36.35026979446411,2
POLICY_CURR_Deductible_calc_MEAN,585.4604394435883,2
POLICY_CURR_Deductible_calc_SUM,63.055830001831055,2
CLAIM_Coverage_70P_MEAN,0.0,2
CLAIM_Coverage_41N_MEAN,0.0,2
CLAIM_Coverage_03L_MEAN,0.0,2
CLAIM_Coverage_16P_MEAN,3012.77628159523,2
CLAIM_Marital_Status_of_Driver_stat_2_MEAN,29.85841965675354,2
CLAIM_Coverage_10A_MEAN,0.0,2
CLAIM_Driver_days_from_accident_MEAN,2341.43545627594,2
CLAIM_Coverage_15O_MEAN,0.0,2
CLAIM_Coverage_15F_MEAN,0.0,2
CLAIM_Cause_of_Loss_cause_2_MEAN,0.0,2
CLAIM_Coverage_00I_MEAN,0.0,2
CLAIM_Coverage_32N_MEAN,0.0,2
CLAIM_Cause_of_Loss_cause_9_MEAN,0.0,2
CLAIM_Coverage_02K_MEAN,0.0,2
CLAIM_Coverage_14N_MEAN,0.0,2
CLAIM_Coverage_57C_MEAN,0.0,2
CLAIM_Coverage_18@_MEAN,0.0,2
CLAIM_Driver's_Relationship_with_Insured_rls_4_MEAN,0.0,2
CLAIM_Cause_of_Loss_cause_14_MEAN,0.0,2
CLAIM_Coverage_42F_MEAN,0.0,2
CLAIM_Coverage_05N_MEAN,0.0,2
CLAIM_Cause_of_Loss_cause_3_MEAN,0.0,2
CLAIM_Coverage_20B_MEAN,358.09149956703186,2
CLAIM_Coverage_12L_MEAN,0.0,2
CLAIM_Cause_of_Loss_cause_11_MEAN,0.0,2
CLAIM_Cause_of_Loss_cause_6_MEAN,0.0,2
CLAIM_Coverage_56B_MEAN,0.0,2
CLAIM_Paid_Loss_Amount_MEAN,3631.354990005493,2
CLAIM_Paid_Loss_Amount_MAX,4421.906711816788,2
CLAIM_Paid_Loss_Amount_SUM,1086.2935297489166,2
CLAIM_Coverage_41E_MEAN,0.0,2
CLAIM_Cause_of_Loss_cause_10_MEAN,0.0,2
CLAIM_Coverage_34P_MEAN,0.0,2
CLAIM_Coverage_45@_MEAN,0.0,2
CLAIM_Driver's_Gender_MEAN,439.80357789993286,2
CLAIM_Coverage_01A_MEAN,0.0,2
CLAIM_Cause_of_Loss_cause_5_MEAN,3.8087000846862793,2
CLAIM_Driver's_Relationship_with_Insured_rls_5_MEAN,94.21951007843018,2
CLAIM_Nature_of_the_claim_MEAN,30.841660737991333,2
CLAIM_Nature_of_the_claim_MAX,0.0,2
CLAIM_At_Fault?_MAX,651.0277643203735,2
CLAIM_At_Fault?_MEAN,280.93047857284546,2
CLAIM_At_Fault?_SUM,1120.9788103103638,2
CLAIM_Coverage_40M_MEAN,0.0,2
CLAIM_Coverage_06F_MEAN,0.0,2
CLAIM_paid_Expenses_Amount_MAX,79.18540143966675,2
CLAIM_paid_Expenses_Amount_MEAN,205.0510594844818,2
CLAIM_paid_Expenses_Amount_SUM,63.102130651474,2
CLAIM_Coverage_57L_MEAN,0.0,2
CLAIM_Cause_of_Loss_cause_1_MEAN,75.24280881881714,2
CLAIM_Coverage_35H_MEAN,0.0,2
CLAIM_Coverage_04M_MEAN,62.26007962226868,2
CLAIM_Driver's_Relationship_with_Insured_rls_1_MEAN,232.01184248924255,2
CLAIM_Driver's_Relationship_with_Insured_rls_2_MEAN,10.278590202331543,2
CLAIM_Driver's_Relationship_with_Insured_rls_7_MEAN,0.0,2
CLAIM_Cause_of_Loss_cause_13_MEAN,0.0,2
CLAIM_Deductible_MAX,0.0,2
CLAIM_Deductible_MEAN,0.0,2
CLAIM_Deductible_SUM,0.0,2
CLAIM_number_of_claimants_MAX,7.718410015106201,2
CLAIM_number_of_claimants_MEAN,118.1415901184082,2
CLAIM_number_of_claimants_SUM,312.96228647232056,2
CLAIM_Coverage_18I_MEAN,0.0,2
CLAIM_Salvage_or_Subrogation?_MAX,129.03129363059998,2
CLAIM_Salvage_or_Subrogation?_MEAN,11.448050022125244,2
CLAIM_Salvage_or_Subrogation?_SUM,33.09819006919861,2
CLAIM_Driver_days_from_birth_MEAN,405.6756670475006,2
CLAIM_Coverage_26H_MEAN,0.0,2
CLAIM_Cause_of_Loss_cause_4_MEAN,6.705160140991211,2
CLAIM_Coverage_25G_MEAN,0.0,2
CLAIM_Coverage_14E_MEAN,0.0,2
CLAIM_Coverage_07P_MEAN,0.0,2
CLAIM_Coverage_29B_MEAN,0.0,2
CLAIM_Coverage_56K_MEAN,0.0,2
CLAIM_Cause_of_Loss_cause_12_MEAN,0.0,2
CLAIM_Cause_of_Loss_cause_15_MEAN,0.0,2
CLAIM_Cause_of_Loss_cause_8_MEAN,0.0,2
CLAIM_Coverage_55J_MEAN,10.664469718933105,2
CLAIM_Cause_of_Loss_cause_16_MEAN,0.0,2
CLAIM_Coverage_66L_MEAN,0.0,2
CLAIM_Coverage_33O_MEAN,0.0,2
CLAIM_Coverage_29K_MEAN,0.0,2
CLAIM_Coverage_16G_MEAN,38.45964026451111,2
CLAIM_Coverage_33F_MEAN,0.0,2
CLAIM_Coverage_46A_MEAN,0.0,2
CLAIM_Driver's_Relationship_with_Insured_rls_6_MEAN,43.086700439453125,2
CLAIM_Cause_of_Loss_cause_7_MEAN,0.0,2
CLAIM_Coverage_05E_MEAN,0.0,2
CLAIM_Coverage_08H_MEAN,0.0,2
CLAIM_Coverage_51O_MEAN,21.429100036621094,2
CLAIM_Marital_Status_of_Driver_stat_1_MEAN,13.11963963508606,2
CLAIM_Coverage_36I_MEAN,0.0,2
CLAIM_Driver's_Relationship_with_Insured_rls_3_MEAN,21.65026044845581,2
CLAIM_Cause_of_Loss_cause_0_MEAN,6836.0204038619995,2
CLAIM_Coverage_20K_MEAN,26.09572982788086,2
CLAIM_Coverage_09@_MEAN,0.0,2
CLAIM_Coverage_70G_MEAN,0.0,2
CLAIM_COUNT,25.243540048599243,2
CLAIM_NUNIQUE_COUNT,122.91968965530396,2
POLICY_Imported_or_Domestic_Car_index_10_MEAN,136.5400514602661,3
POLICY_Imported_or_Domestic_Car_index_90_MEAN,0.0,3
POLICY_Insurance_Coverage_07P_MEAN,6.377470016479492,3
POLICY_Insurance_Coverage_45@_MEAN,0.0,3
POLICY_Insurance_Coverage_47B_MEAN,0.0,3
POLICY_Insurance_Coverage_40M_MEAN,2.997450113296509,3
POLICY_Insurance_Coverage_12L_MEAN,388.0635907649994,3
POLICY_Multiple_Products_with_TmNewa_(Yes_or_No?)_MAX,313.73392033576965,3
POLICY_Multiple_Products_with_TmNewa_(Yes_or_No?)_MEAN,51.28407144546509,3
POLICY_Multiple_Products_with_TmNewa_(Yes_or_No?)_SUM,304.65981674194336,3
POLICY_Manafactured_Year_and_Month_diff_MAX,6047.886656522751,3
POLICY_Imported_or_Domestic_Car_index_50_MEAN,2.528209924697876,3
POLICY_Imported_or_Domestic_Car_index_22_MEAN,0.0,3
POLICY_Insurance_Coverage_18@_MEAN,141.97062921524048,3
POLICY_Imported_or_Domestic_Car_index_40_MEAN,31.743189811706543,3
POLICY_Insurance_Coverage_03L_MEAN,40.4539692401886,3
POLICY_Policy_days_from_dbirth_MEAN,3045.1541447639465,3
POLICY_Insurance_Coverage_15F_MEAN,66.48260998725891,3
POLICY_Insurance_Coverage_46A_MEAN,0.0,3
POLICY_Main_Insurance_Coverage_Group_車責_MEAN,448.0310606956482,3
POLICY_Insurance_Coverage_68E_MEAN,0.0,3
POLICY_iply_area_area_20_MEAN,0.0,3
POLICY_Insured_Amount3_MAX,30835.256982326508,3
POLICY_Insured_Amount3_MEAN,1760.4957337379456,3
POLICY_Insured_Amount3_SUM,991.8153989315033,3
POLICY_Main_Insurance_Coverage_Group_竊盜_MEAN,17942.186673164368,3
POLICY_Insurance_Coverage_33O_MEAN,0.0,3
POLICY_Coverage_Deductible_if_applied_MAX,46.418700218200684,3
POLICY_Coverage_Deductible_if_applied_MEAN,1138.7383997440338,3
POLICY_Coverage_Deductible_if_applied_SUM,72.04949998855591,3
POLICY_lia_class_MAX,31194.02832865715,3
POLICY_lia_class_MEAN,47.368600368499756,3
POLICY_Insurance_Coverage_01A_MEAN,90.23913168907166,3
POLICY_Insurance_Coverage_01J_MEAN,0.0,3
POLICY_Main_Insurance_Coverage_Group_車損_MEAN,753.9103276729584,3
POLICY_Insurance_Coverage_56B_MEAN,0.0,3
POLICY_Insurance_Coverage_05N_MEAN,2148.7999942302704,3
POLICY_Premium_MAX,4824.959548711777,3
POLICY_Premium_MEAN,1658.1936671733856,3
POLICY_Premium_SUM,2584.80845618248,3
POLICY_Insurance_Coverage_51O_MEAN,1021.8969023227692,3
POLICY_fassured_cat_1_MEAN,0.0,3
POLICY_Insurance_Coverage_70P_MEAN,0.0,3
POLICY_iply_area_area_5_MEAN,77.50767874717712,3
POLICY_Insurance_Coverage_16P_MEAN,302.56759810447693,3
POLICY_Insurance_Coverage_14E_MEAN,138.53698205947876,3
POLICY_Imported_or_Domestic_Car_index_23_MEAN,0.0,3
POLICY_Insurance_Coverage_66L_MEAN,0.0,3
POLICY_Insurance_Coverage_56K_MEAN,0.0,3
POLICY_Insurance_Coverage_70G_MEAN,0.0,3
POLICY_Insurance_Coverage_34P_MEAN,0.0,3
POLICY_Imported_or_Domestic_Car_index_30_MEAN,81.24272096157074,3
POLICY_plia_acc_MAX,18934.46838259697,3
POLICY_plia_acc_MEAN,1409.9317350387573,3
POLICY_iply_area_area_18_MEAN,0.0,3
POLICY_Insurance_Coverage_33F_MEAN,0.0,3
POLICY_Insurance_Coverage_20B_MEAN,221.1235249042511,3
POLICY_iply_area_area_1_MEAN,6.294690132141113,3
POLICY_Insurance_Coverage_32N_MEAN,0.0,3
POLICY_Insurance_Coverage_27I_MEAN,0.0,3
POLICY_Insurance_Coverage_15O_MEAN,54.95798063278198,3
POLICY_iply_area_area_16_MEAN,0.0,3
POLICY_iply_area_area_6_MEAN,28.272679567337036,3
POLICY_fassured_cat_0_MEAN,0.0,3
POLICY_Manafactured_Year_and_Month_MAX,82.71331906318665,3
POLICY_Insurance_Coverage_72@_MEAN,0.0,3
POLICY_Insurance_Coverage_14N_MEAN,0.0,3
POLICY_Insured_Amount2_MAX,170.9451904296875,3
POLICY_Insured_Amount2_MEAN,510.6182107925415,3
POLICY_Insured_Amount2_SUM,415.6663510799408,3
POLICY_iply_area_area_14_MEAN,61.30662965774536,3
POLICY_Insurance_Coverage_68N_MEAN,0.0,3
POLICY_New_Insured_Amount_max_MAX,37.29767942428589,3
POLICY_New_Insured_Amount_max_MEAN,61.223690032958984,3
POLICY_New_Insured_Amount_max_SUM,68.67722058296204,3
POLICY_iply_area_area_8_MEAN,138.99189019203186,3
POLICY_iply_area_area_7_MEAN,6.290999889373779,3
POLICY_iply_area_area_13_MEAN,0.0,3
POLICY_Insurance_Coverage_57C_MEAN,0.0,3
POLICY_iply_area_area_2_MEAN,243.56002950668335,3
POLICY_iply_area_area_10_MEAN,25.734769821166992,3
POLICY_Insurance_Coverage_65K_MEAN,0.0,3
POLICY_Deductible_calc_MAX,16547.28685081005,3
POLICY_Deductible_calc_MEAN,834.3193304538727,3
POLICY_Deductible_calc_SUM,620.150025844574,3
POLICY_Insured_Amount1_MAX,381.5003101825714,3
POLICY_Insured_Amount1_MEAN,836.6825189590454,3
POLICY_Insured_Amount1_SUM,877.139077425003,3
POLICY_iply_area_area_0_MEAN,184.4870913028717,3
POLICY_iply_area_area_4_MEAN,53.090290546417236,3
POLICY_qpt_MAX,1811.7354142665863,3
POLICY_qpt_MEAN,215.2675907611847,3
POLICY_iply_area_area_19_MEAN,0.0,3
POLICY_Insurance_Coverage_16G_MEAN,4793.063608169556,3
POLICY_Insurance_Coverage_05E_MEAN,167.12905168533325,3
POLICY_Insurance_Coverage_36I_MEAN,0.0,3
POLICY_Insurance_Coverage_37J_MEAN,0.0,3
POLICY_Insurance_Coverage_71H_MEAN,0.0,3
POLICY_Insurance_Coverage_29K_MEAN,222.02561950683594,3
POLICY_Policy_days_from_ibirth_MEAN,8001.147468686104,3
POLICY_Insurance_Coverage_06F_MEAN,2.67576003074646,3
POLICY_Insurance_Coverage_04M_MEAN,2464.992377281189,3
POLICY_Insurance_Coverage_35H_MEAN,0.0,3
POLICY_iply_area_area_21_MEAN,0.0,3
POLICY_Insurance_Coverage_66C_MEAN,0.0,3
POLICY_iply_area_area_12_MEAN,23.279669761657715,3
POLICY_Insurance_Coverage_10A_MEAN,158.15598154067993,3
POLICY_fassured_cat_2_MEAN,0.0,3
POLICY_Insurance_Coverage_41E_MEAN,0.0,3
POLICY_iply_area_area_9_MEAN,65.24849939346313,3
POLICY_pdmg_acc_MAX,3392.500569343567,3
POLICY_pdmg_acc_MEAN,1464.6355500221252,3
POLICY_iply_area_area_15_MEAN,21.254930019378662,3
POLICY_Insurance_Coverage_02K_MEAN,245.6534595489502,3
POLICY_Insurance_Coverage_00I_MEAN,100.67999911308289,3
POLICY_Insurance_Coverage_42F_MEAN,54.961519956588745,3
POLICY_Insurance_Coverage_26H_MEAN,111.92017078399658,3
POLICY_Imported_or_Domestic_Car_index_24_MEAN,56.179850339889526,3
POLICY_Insurance_Coverage_29B_MEAN,162.04148936271667,3
POLICY_Insurance_Coverage_67D_MEAN,0.0,3
POLICY_iply_area_area_11_MEAN,4.649400234222412,3
POLICY_Engine_Displacement_(Cubic_Centimeter)_MAX,3410.326567173004,3
POLICY_Insurance_Coverage_55J_MEAN,275.2706706523895,3
POLICY_Insurance_Coverage_18I_MEAN,0.0,3
POLICY_Replacement_cost_of_insured_vehicle_MAX,1663.3836994171143,3
POLICY_Replacement_cost_of_insured_vehicle_MEAN,89.68544006347656,3
POLICY_Replacement_cost_of_insured_vehicle_SUM,1157.4089047908783,3
POLICY_Insurance_Coverage_57L_MEAN,33.46831965446472,3
POLICY_iply_area_area_17_MEAN,0.0,3
POLICY_Insurance_Coverage_20K_MEAN,496.1049761772156,3
POLICY_Insurance_Coverage_25G_MEAN,0.0,3
POLICY_fassured_cat_3_MEAN,0.0,3
POLICY_iply_area_area_3_MEAN,143.36799883842468,3
POLICY_Insurance_Coverage_09@_MEAN,135.94618010520935,3
POLICY_Imported_or_Domestic_Car_index_20_MEAN,0.0,3
POLICY_Insurance_Coverage_09I_MEAN,0.0,3
POLICY_Insurance_Coverage_08H_MEAN,16.732630252838135,3
POLICY_Imported_or_Domestic_Car_index_21_MEAN,0.0,3
POLICY_Insurance_Coverage_41N_MEAN,282.44590187072754,3
POLICY_COUNT,73.80341982841492,3
POLICY_CURR_Insured_Amount3_MAX,3.2573399543762207,3
POLICY_CURR_Insured_Amount3_MEAN,482.35166811943054,3
POLICY_CURR_Insured_Amount3_SUM,0.0,3
POLICY_CURR_Insured_Amount1_MAX,11.278590202331543,3
POLICY_CURR_Insured_Amount1_MEAN,404.524201631546,3
POLICY_CURR_Insured_Amount1_SUM,13.082710266113281,3
POLICY_CURR_New_Insured_Amount_max_MAX,0.0,3
POLICY_CURR_New_Insured_Amount_max_MEAN,60.50714087486267,3
POLICY_CURR_New_Insured_Amount_max_SUM,0.0,3
POLICY_CURR_Premium_MAX,35510.50679183006,3
POLICY_CURR_Premium_MEAN,4606.070847272873,3
POLICY_CURR_Premium_SUM,30453.391776561737,3
POLICY_CURR_Insured_to_Premium_ratio_MAX,19868.207116127014,3
POLICY_CURR_Insured_to_Premium_ratio_MEAN,2139.9889369010925,3
POLICY_CURR_Insured_Amount2_MAX,5.845970153808594,3
POLICY_CURR_Insured_Amount2_MEAN,102.1324999332428,3
POLICY_CURR_Insured_Amount2_SUM,4.789949893951416,3
POLICY_CURR_Deductible_calc_MAX,5796.2086527347565,3
POLICY_CURR_Deductible_calc_MEAN,435.2163712978363,3
POLICY_CURR_Deductible_calc_SUM,289.27069664001465,3
CLAIM_Coverage_70P_MEAN,0.0,3
CLAIM_Coverage_41N_MEAN,0.0,3
CLAIM_Coverage_03L_MEAN,0.0,3
CLAIM_Coverage_16P_MEAN,3281.1048414707184,3
CLAIM_Marital_Status_of_Driver_stat_2_MEAN,48.904250383377075,3
CLAIM_Coverage_10A_MEAN,0.0,3
CLAIM_Driver_days_from_accident_MEAN,2612.3416771888733,3
CLAIM_Coverage_15O_MEAN,0.0,3
CLAIM_Coverage_15F_MEAN,0.0,3
CLAIM_Cause_of_Loss_cause_2_MEAN,0.0,3
CLAIM_Coverage_00I_MEAN,0.0,3
CLAIM_Coverage_32N_MEAN,0.0,3
CLAIM_Cause_of_Loss_cause_9_MEAN,0.0,3
CLAIM_Coverage_02K_MEAN,2.9374101161956787,3
CLAIM_Coverage_14N_MEAN,0.0,3
CLAIM_Coverage_57C_MEAN,0.0,3
CLAIM_Coverage_18@_MEAN,0.0,3
CLAIM_Driver's_Relationship_with_Insured_rls_4_MEAN,0.0,3
CLAIM_Cause_of_Loss_cause_14_MEAN,0.0,3
CLAIM_Coverage_42F_MEAN,0.0,3
CLAIM_Coverage_05N_MEAN,0.0,3
CLAIM_Cause_of_Loss_cause_3_MEAN,0.0,3
CLAIM_Coverage_20B_MEAN,170.9475702047348,3
CLAIM_Coverage_12L_MEAN,0.0,3
CLAIM_Cause_of_Loss_cause_11_MEAN,0.0,3
CLAIM_Cause_of_Loss_cause_6_MEAN,0.0,3
CLAIM_Coverage_56B_MEAN,0.0,3
CLAIM_Paid_Loss_Amount_MEAN,3839.132546186447,3
CLAIM_Paid_Loss_Amount_MAX,3040.829325914383,3
CLAIM_Paid_Loss_Amount_SUM,1565.96719455719,3
CLAIM_Coverage_41E_MEAN,0.0,3
CLAIM_Cause_of_Loss_cause_10_MEAN,0.0,3
CLAIM_Coverage_34P_MEAN,0.0,3
CLAIM_Coverage_45@_MEAN,0.0,3
CLAIM_Driver's_Gender_MEAN,220.544442653656,3
CLAIM_Coverage_01A_MEAN,0.0,3
CLAIM_Cause_of_Loss_cause_5_MEAN,0.0,3
CLAIM_Driver's_Relationship_with_Insured_rls_5_MEAN,51.620529651641846,3
CLAIM_Nature_of_the_claim_MEAN,110.65928316116333,3
CLAIM_Nature_of_the_claim_MAX,0.0,3
CLAIM_At_Fault?_MAX,697.2492656707764,3
CLAIM_At_Fault?_MEAN,366.3690023422241,3
CLAIM_At_Fault?_SUM,932.2821788787842,3
CLAIM_Coverage_40M_MEAN,0.0,3
CLAIM_Coverage_06F_MEAN,0.0,3
CLAIM_paid_Expenses_Amount_MAX,89.2993700504303,3
CLAIM_paid_Expenses_Amount_MEAN,179.36325883865356,3
CLAIM_paid_Expenses_Amount_SUM,44.37984013557434,3
CLAIM_Coverage_57L_MEAN,0.0,3
CLAIM_Cause_of_Loss_cause_1_MEAN,61.67773914337158,3
CLAIM_Coverage_35H_MEAN,0.0,3
CLAIM_Coverage_04M_MEAN,33.523980379104614,3
CLAIM_Driver's_Relationship_with_Insured_rls_1_MEAN,129.32281017303467,3
CLAIM_Driver's_Relationship_with_Insured_rls_2_MEAN,26.232470512390137,3
CLAIM_Driver's_Relationship_with_Insured_rls_7_MEAN,0.0,3
CLAIM_Cause_of_Loss_cause_13_MEAN,0.0,3
CLAIM_Deductible_MAX,0.0,3
CLAIM_Deductible_MEAN,0.0,3
CLAIM_Deductible_SUM,0.0,3
CLAIM_number_of_claimants_MAX,22.45367956161499,3
CLAIM_number_of_claimants_MEAN,168.1211507320404,3
CLAIM_number_of_claimants_SUM,180.8546211719513,3
CLAIM_Coverage_18I_MEAN,0.0,3
CLAIM_Salvage_or_Subrogation?_MAX,107.61406111717224,3
CLAIM_Salvage_or_Subrogation?_MEAN,79.04790782928467,3
CLAIM_Salvage_or_Subrogation?_SUM,106.51677227020264,3
CLAIM_Driver_days_from_birth_MEAN,467.8542673587799,3
CLAIM_Coverage_26H_MEAN,0.0,3
CLAIM_Cause_of_Loss_cause_4_MEAN,8.37664008140564,3
CLAIM_Coverage_25G_MEAN,0.0,3
CLAIM_Coverage_14E_MEAN,0.0,3
CLAIM_Coverage_07P_MEAN,0.0,3
CLAIM_Coverage_29B_MEAN,0.0,3
CLAIM_Coverage_56K_MEAN,0.0,3
CLAIM_Cause_of_Loss_cause_12_MEAN,0.0,3
CLAIM_Cause_of_Loss_cause_15_MEAN,0.0,3
CLAIM_Cause_of_Loss_cause_8_MEAN,0.0,3
CLAIM_Coverage_55J_MEAN,20.344489574432373,3
CLAIM_Cause_of_Loss_cause_16_MEAN,0.0,3
CLAIM_Coverage_66L_MEAN,0.0,3
CLAIM_Coverage_33O_MEAN,0.0,3
CLAIM_Coverage_29K_MEAN,0.0,3
CLAIM_Coverage_16G_MEAN,72.97921061515808,3
CLAIM_Coverage_33F_MEAN,0.0,3
CLAIM_Coverage_46A_MEAN,0.0,3
CLAIM_Driver's_Relationship_with_Insured_rls_6_MEAN,46.225759983062744,3
CLAIM_Cause_of_Loss_cause_7_MEAN,0.0,3
CLAIM_Coverage_05E_MEAN,0.0,3
CLAIM_Coverage_08H_MEAN,0.0,3
CLAIM_Coverage_51O_MEAN,5.410920143127441,3
CLAIM_Marital_Status_of_Driver_stat_1_MEAN,3.157870054244995,3
CLAIM_Coverage_36I_MEAN,0.0,3
CLAIM_Driver's_Relationship_with_Insured_rls_3_MEAN,43.29409980773926,3
CLAIM_Cause_of_Loss_cause_0_MEAN,6417.780210971832,3
CLAIM_Coverage_20K_MEAN,64.95883917808533,3
CLAIM_Coverage_09@_MEAN,0.0,3
CLAIM_Coverage_70G_MEAN,0.0,3
CLAIM_COUNT,0.0,3
CLAIM_NUNIQUE_COUNT,79.45864820480347,3
POLICY_Imported_or_Domestic_Car_index_10_MEAN,67.55311965942383,4
POLICY_Imported_or_Domestic_Car_index_90_MEAN,6.606679916381836,4
POLICY_Insurance_Coverage_07P_MEAN,0.0,4
POLICY_Insurance_Coverage_45@_MEAN,0.0,4
POLICY_Insurance_Coverage_47B_MEAN,0.0,4
POLICY_Insurance_Coverage_40M_MEAN,0.0,4
POLICY_Insurance_Coverage_12L_MEAN,224.07435846328735,4
POLICY_Multiple_Products_with_TmNewa_(Yes_or_No?)_MAX,284.85634899139404,4
POLICY_Multiple_Products_with_TmNewa_(Yes_or_No?)_MEAN,0.0,4
POLICY_Multiple_Products_with_TmNewa_(Yes_or_No?)_SUM,228.09205770492554,4
POLICY_Manafactured_Year_and_Month_diff_MAX,5773.739198565483,4
POLICY_Imported_or_Domestic_Car_index_50_MEAN,16.85593032836914,4
POLICY_Imported_or_Domestic_Car_index_22_MEAN,0.0,4
POLICY_Insurance_Coverage_18@_MEAN,71.92434024810791,4
POLICY_Imported_or_Domestic_Car_index_40_MEAN,6.059080123901367,4
POLICY_Insurance_Coverage_03L_MEAN,61.960320711135864,4
POLICY_Policy_days_from_dbirth_MEAN,2648.6140266656876,4
POLICY_Insurance_Coverage_15F_MEAN,46.64613103866577,4
POLICY_Insurance_Coverage_46A_MEAN,0.0,4
POLICY_Main_Insurance_Coverage_Group_車責_MEAN,251.47061157226562,4
POLICY_Insurance_Coverage_68E_MEAN,0.0,4
POLICY_iply_area_area_20_MEAN,0.0,4
POLICY_Insured_Amount3_MAX,33752.84367632866,4
POLICY_Insured_Amount3_MEAN,1183.0653700828552,4
POLICY_Insured_Amount3_SUM,671.2068412303925,4
POLICY_Main_Insurance_Coverage_Group_竊盜_MEAN,18270.238170146942,4
POLICY_Insurance_Coverage_33O_MEAN,0.0,4
POLICY_Coverage_Deductible_if_applied_MAX,70.00208282470703,4
POLICY_Coverage_Deductible_if_applied_MEAN,774.164562702179,4
POLICY_Coverage_Deductible_if_applied_SUM,250.76830625534058,4
POLICY_lia_class_MAX,26499.88125038147,4
POLICY_lia_class_MEAN,170.0370819568634,4
POLICY_Insurance_Coverage_01A_MEAN,87.44889044761658,4
POLICY_Insurance_Coverage_01J_MEAN,0.0,4
POLICY_Main_Insurance_Coverage_Group_車損_MEAN,737.8019740581512,4
POLICY_Insurance_Coverage_56B_MEAN,0.0,4
POLICY_Insurance_Coverage_05N_MEAN,2308.75914812088,4
POLICY_Premium_MAX,5878.579819440842,4
POLICY_Premium_MEAN,2866.821811914444,4
POLICY_Premium_SUM,1440.4301643371582,4
POLICY_Insurance_Coverage_51O_MEAN,988.0492873191833,4
POLICY_fassured_cat_1_MEAN,177.66200256347656,4
POLICY_Insurance_Coverage_70P_MEAN,0.0,4
POLICY_iply_area_area_5_MEAN,60.89351034164429,4
POLICY_Insurance_Coverage_16P_MEAN,175.86029815673828,4
POLICY_Insurance_Coverage_14E_MEAN,113.99735879898071,4
POLICY_Imported_or_Domestic_Car_index_23_MEAN,0.0,4
POLICY_Insurance_Coverage_66L_MEAN,0.0,4
POLICY_Insurance_Coverage_56K_MEAN,0.0,4
POLICY_Insurance_Coverage_70G_MEAN,0.0,4
POLICY_Insurance_Coverage_34P_MEAN,0.0,4
POLICY_Imported_or_Domestic_Car_index_30_MEAN,30.395909309387207,4
POLICY_plia_acc_MAX,23083.89145040512,4
POLICY_plia_acc_MEAN,822.0619626045227,4
POLICY_iply_area_area_18_MEAN,0.0,4
POLICY_Insurance_Coverage_33F_MEAN,0.0,4
POLICY_Insurance_Coverage_20B_MEAN,266.8075988292694,4
POLICY_iply_area_area_1_MEAN,23.038119792938232,4
POLICY_Insurance_Coverage_32N_MEAN,0.0,4
POLICY_Insurance_Coverage_27I_MEAN,0.0,4
POLICY_Insurance_Coverage_15O_MEAN,87.37430024147034,4
POLICY_iply_area_area_16_MEAN,0.0,4
POLICY_iply_area_area_6_MEAN,0.0,4
POLICY_fassured_cat_0_MEAN,119.16627645492554,4
POLICY_Manafactured_Year_and_Month_MAX,130.22902917861938,4
POLICY_Insurance_Coverage_72@_MEAN,0.0,4
POLICY_Insurance_Coverage_14N_MEAN,0.0,4
POLICY_Insured_Amount2_MAX,142.2071304321289,4
POLICY_Insured_Amount2_MEAN,460.8639898300171,4
POLICY_Insured_Amount2_SUM,240.57617926597595,4
POLICY_iply_area_area_14_MEAN,77.29353046417236,4
POLICY_Insurance_Coverage_68N_MEAN,0.0,4
POLICY_New_Insured_Amount_max_MAX,63.5452299118042,4
POLICY_New_Insured_Amount_max_MEAN,17.32414960861206,4
POLICY_New_Insured_Amount_max_SUM,183.04478120803833,4
POLICY_iply_area_area_8_MEAN,140.81164836883545,4
POLICY_iply_area_area_7_MEAN,0.0,4
POLICY_iply_area_area_13_MEAN,7.491159915924072,4
POLICY_Insurance_Coverage_57C_MEAN,0.0,4
POLICY_iply_area_area_2_MEAN,202.31241941452026,4
POLICY_iply_area_area_10_MEAN,29.2605402469635,4
POLICY_Insurance_Coverage_65K_MEAN,0.0,4
POLICY_Deductible_calc_MAX,23420.52059674263,4
POLICY_Deductible_calc_MEAN,297.44007110595703,4
POLICY_Deductible_calc_SUM,1393.3919515609741,4
POLICY_Insured_Amount1_MAX,292.69442915916443,4
POLICY_Insured_Amount1_MEAN,784.9914972782135,4
POLICY_Insured_Amount1_SUM,591.8451037406921,4
POLICY_iply_area_area_0_MEAN,140.7253999710083,4
POLICY_iply_area_area_4_MEAN,5.1598100662231445,4
POLICY_qpt_MAX,1878.7723188400269,4
POLICY_qpt_MEAN,69.49194049835205,4
POLICY_iply_area_area_19_MEAN,0.0,4
POLICY_Insurance_Coverage_16G_MEAN,3676.127429485321,4
POLICY_Insurance_Coverage_05E_MEAN,206.8861117362976,4
POLICY_Insurance_Coverage_36I_MEAN,0.0,4
POLICY_Insurance_Coverage_37J_MEAN,0.0,4
POLICY_Insurance_Coverage_71H_MEAN,0.0,4
POLICY_Insurance_Coverage_29K_MEAN,208.881089925766,4
POLICY_Policy_days_from_ibirth_MEAN,6820.3385446071625,4
POLICY_Insurance_Coverage_06F_MEAN,6.675419807434082,4
POLICY_Insurance_Coverage_04M_MEAN,2517.9789855480194,4
POLICY_Insurance_Coverage_35H_MEAN,0.0,4
POLICY_iply_area_area_21_MEAN,0.0,4
POLICY_Insurance_Coverage_66C_MEAN,0.0,4
POLICY_iply_area_area_12_MEAN,22.83965039253235,4
POLICY_Insurance_Coverage_10A_MEAN,101.78179836273193,4
POLICY_fassured_cat_2_MEAN,0.0,4
POLICY_Insurance_Coverage_41E_MEAN,0.0,4
POLICY_iply_area_area_9_MEAN,23.03050994873047,4
POLICY_pdmg_acc_MAX,4746.818140029907,4
POLICY_pdmg_acc_MEAN,111.95600128173828,4
POLICY_iply_area_area_15_MEAN,42.480210065841675,4
POLICY_Insurance_Coverage_02K_MEAN,100.34229826927185,4
POLICY_Insurance_Coverage_00I_MEAN,116.30849027633667,4
POLICY_Insurance_Coverage_42F_MEAN,17.128199815750122,4
POLICY_Insurance_Coverage_26H_MEAN,49.585440158843994,4
POLICY_Imported_or_Domestic_Car_index_24_MEAN,19.1839702129364,4
POLICY_Insurance_Coverage_29B_MEAN,113.04016017913818,4
POLICY_Insurance_Coverage_67D_MEAN,0.0,4
POLICY_iply_area_area_11_MEAN,0.0,4
POLICY_Engine_Displacement_(Cubic_Centimeter)_MAX,2807.995570898056,4
POLICY_Insurance_Coverage_55J_MEAN,344.71083879470825,4
POLICY_Insurance_Coverage_18I_MEAN,0.0,4
POLICY_Replacement_cost_of_insured_vehicle_MAX,1171.5421311855316,4
POLICY_Replacement_cost_of_insured_vehicle_MEAN,52.28668975830078,4
POLICY_Replacement_cost_of_insured_vehicle_SUM,864.0094819068909,4
POLICY_Insurance_Coverage_57L_MEAN,16.909429788589478,4
POLICY_iply_area_area_17_MEAN,0.0,4
POLICY_Insurance_Coverage_20K_MEAN,389.08496952056885,4
POLICY_Insurance_Coverage_25G_MEAN,0.0,4
POLICY_fassured_cat_3_MEAN,0.0,4
POLICY_iply_area_area_3_MEAN,70.55091047286987,4
POLICY_Insurance_Coverage_09@_MEAN,117.32398962974548,4
POLICY_Imported_or_Domestic_Car_index_20_MEAN,11.397510051727295,4
POLICY_Insurance_Coverage_09I_MEAN,0.0,4
POLICY_Insurance_Coverage_08H_MEAN,28.30864953994751,4
POLICY_Imported_or_Domestic_Car_index_21_MEAN,0.0,4
POLICY_Insurance_Coverage_41N_MEAN,489.04132771492004,4
POLICY_COUNT,38.139710426330566,4
POLICY_CURR_Insured_Amount3_MAX,0.0,4
POLICY_CURR_Insured_Amount3_MEAN,426.578006029129,4
POLICY_CURR_Insured_Amount3_SUM,0.0,4
POLICY_CURR_Insured_Amount1_MAX,17.753469944000244,4
POLICY_CURR_Insured_Amount1_MEAN,317.8601894378662,4
POLICY_CURR_Insured_Amount1_SUM,22.719420194625854,4
POLICY_CURR_New_Insured_Amount_max_MAX,0.0,4
POLICY_CURR_New_Insured_Amount_max_MEAN,10.283100128173828,4
POLICY_CURR_New_Insured_Amount_max_SUM,0.0,4
POLICY_CURR_Premium_MAX,35833.38935256004,4
POLICY_CURR_Premium_MEAN,8518.118537902832,4
POLICY_CURR_Premium_SUM,31602.441571712494,4
POLICY_CURR_Insured_to_Premium_ratio_MAX,10189.7896027565,4
POLICY_CURR_Insured_to_Premium_ratio_MEAN,1750.0282337665558,4
POLICY_CURR_Insured_Amount2_MAX,0.0,4
POLICY_CURR_Insured_Amount2_MEAN,195.21047949790955,4
POLICY_CURR_Insured_Amount2_SUM,3.816699981689453,4
POLICY_CURR_Deductible_calc_MAX,10.028599739074707,4
POLICY_CURR_Deductible_calc_MEAN,411.9862627983093,4
POLICY_CURR_Deductible_calc_SUM,15.627119541168213,4
CLAIM_Coverage_70P_MEAN,0.0,4
CLAIM_Coverage_41N_MEAN,0.0,4
CLAIM_Coverage_03L_MEAN,0.0,4
CLAIM_Coverage_16P_MEAN,3812.5594749450684,4
CLAIM_Marital_Status_of_Driver_stat_2_MEAN,58.358529567718506,4
CLAIM_Coverage_10A_MEAN,0.0,4
CLAIM_Driver_days_from_accident_MEAN,2129.5542945861816,4
CLAIM_Coverage_15O_MEAN,0.0,4
CLAIM_Coverage_15F_MEAN,0.0,4
CLAIM_Cause_of_Loss_cause_2_MEAN,0.0,4
CLAIM_Coverage_00I_MEAN,0.0,4
CLAIM_Coverage_32N_MEAN,0.0,4
CLAIM_Cause_of_Loss_cause_9_MEAN,0.0,4
CLAIM_Coverage_02K_MEAN,3.380889892578125,4
CLAIM_Coverage_14N_MEAN,0.0,4
CLAIM_Coverage_57C_MEAN,0.0,4
CLAIM_Coverage_18@_MEAN,0.0,4
CLAIM_Driver's_Relationship_with_Insured_rls_4_MEAN,0.0,4
CLAIM_Cause_of_Loss_cause_14_MEAN,0.0,4
CLAIM_Coverage_42F_MEAN,0.0,4
CLAIM_Coverage_05N_MEAN,0.0,4
CLAIM_Cause_of_Loss_cause_3_MEAN,0.0,4
CLAIM_Coverage_20B_MEAN,195.31979250907898,4
CLAIM_Coverage_12L_MEAN,0.0,4
CLAIM_Cause_of_Loss_cause_11_MEAN,0.0,4
CLAIM_Cause_of_Loss_cause_6_MEAN,0.0,4
CLAIM_Coverage_56B_MEAN,0.0,4
CLAIM_Paid_Loss_Amount_MEAN,3154.0788910388947,4
CLAIM_Paid_Loss_Amount_MAX,3445.5281088352203,4
CLAIM_Paid_Loss_Amount_SUM,2053.389028072357,4
CLAIM_Coverage_41E_MEAN,0.0,4
CLAIM_Cause_of_Loss_cause_10_MEAN,0.0,4
CLAIM_Coverage_34P_MEAN,0.0,4
CLAIM_Coverage_45@_MEAN,0.0,4
CLAIM_Driver's_Gender_MEAN,227.9744577407837,4
CLAIM_Coverage_01A_MEAN,0.0,4
CLAIM_Cause_of_Loss_cause_5_MEAN,4.911819934844971,4
CLAIM_Driver's_Relationship_with_Insured_rls_5_MEAN,10.451600074768066,4
CLAIM_Nature_of_the_claim_MEAN,124.26862239837646,4
CLAIM_Nature_of_the_claim_MAX,0.0,4
CLAIM_At_Fault?_MAX,316.54342126846313,4
CLAIM_At_Fault?_MEAN,390.8378119468689,4
CLAIM_At_Fault?_SUM,815.4171075820923,4
CLAIM_Coverage_40M_MEAN,0.0,4
CLAIM_Coverage_06F_MEAN,0.0,4
CLAIM_paid_Expenses_Amount_MAX,73.9696888923645,4
CLAIM_paid_Expenses_Amount_MEAN,85.90249061584473,4
CLAIM_paid_Expenses_Amount_SUM,83.5503797531128,4
CLAIM_Coverage_57L_MEAN,0.0,4
CLAIM_Cause_of_Loss_cause_1_MEAN,64.84951114654541,4
CLAIM_Coverage_35H_MEAN,0.0,4
CLAIM_Coverage_04M_MEAN,53.90201926231384,4
CLAIM_Driver's_Relationship_with_Insured_rls_1_MEAN,126.14076089859009,4
CLAIM_Driver's_Relationship_with_Insured_rls_2_MEAN,51.84339094161987,4
CLAIM_Driver's_Relationship_with_Insured_rls_7_MEAN,0.0,4
CLAIM_Cause_of_Loss_cause_13_MEAN,0.0,4
CLAIM_Deductible_MAX,0.0,4
CLAIM_Deductible_MEAN,0.0,4
CLAIM_Deductible_SUM,0.0,4
CLAIM_number_of_claimants_MAX,0.0,4
CLAIM_number_of_claimants_MEAN,122.9266881942749,4
CLAIM_number_of_claimants_SUM,120.51229882240295,4
CLAIM_Coverage_18I_MEAN,0.0,4
CLAIM_Salvage_or_Subrogation?_MAX,111.85215139389038,4
CLAIM_Salvage_or_Subrogation?_MEAN,207.65027904510498,4
CLAIM_Salvage_or_Subrogation?_SUM,0.0,4
CLAIM_Driver_days_from_birth_MEAN,278.5930907726288,4
CLAIM_Coverage_26H_MEAN,0.0,4
CLAIM_Cause_of_Loss_cause_4_MEAN,4.148469924926758,4
CLAIM_Coverage_25G_MEAN,0.0,4
CLAIM_Coverage_14E_MEAN,0.0,4
CLAIM_Coverage_07P_MEAN,0.0,4
CLAIM_Coverage_29B_MEAN,0.0,4
CLAIM_Coverage_56K_MEAN,0.0,4
CLAIM_Cause_of_Loss_cause_12_MEAN,0.0,4
CLAIM_Cause_of_Loss_cause_15_MEAN,0.0,4
CLAIM_Cause_of_Loss_cause_8_MEAN,0.0,4
CLAIM_Coverage_55J_MEAN,3.182800054550171,4
CLAIM_Cause_of_Loss_cause_16_MEAN,0.0,4
CLAIM_Coverage_66L_MEAN,0.0,4
CLAIM_Coverage_33O_MEAN,0.0,4
CLAIM_Coverage_29K_MEAN,0.0,4
CLAIM_Coverage_16G_MEAN,85.87207961082458,4
CLAIM_Coverage_33F_MEAN,0.0,4
CLAIM_Coverage_46A_MEAN,0.0,4
CLAIM_Driver's_Relationship_with_Insured_rls_6_MEAN,3.819780111312866,4
CLAIM_Cause_of_Loss_cause_7_MEAN,0.0,4
CLAIM_Coverage_05E_MEAN,0.0,4
CLAIM_Coverage_08H_MEAN,0.0,4
CLAIM_Coverage_51O_MEAN,0.0,4
CLAIM_Marital_Status_of_Driver_stat_1_MEAN,0.0,4
CLAIM_Coverage_36I_MEAN,0.0,4
CLAIM_Driver's_Relationship_with_Insured_rls_3_MEAN,0.0,4
CLAIM_Cause_of_Loss_cause_0_MEAN,6985.249449253082,4
CLAIM_Coverage_20K_MEAN,57.7876296043396,4
CLAIM_Coverage_09@_MEAN,0.0,4
CLAIM_Coverage_70G_MEAN,0.0,4
CLAIM_COUNT,0.0,4
CLAIM_NUNIQUE_COUNT,92.04037928581238,4
POLICY_Imported_or_Domestic_Car_index_10_MEAN,102.08724069595337,5
POLICY_Imported_or_Domestic_Car_index_90_MEAN,0.0,5
POLICY_Insurance_Coverage_07P_MEAN,0.0,5
POLICY_Insurance_Coverage_45@_MEAN,0.0,5
POLICY_Insurance_Coverage_47B_MEAN,0.0,5
POLICY_Insurance_Coverage_40M_MEAN,59.34465980529785,5
POLICY_Insurance_Coverage_12L_MEAN,311.66242694854736,5
POLICY_Multiple_Products_with_TmNewa_(Yes_or_No?)_MAX,397.9630081653595,5
POLICY_Multiple_Products_with_TmNewa_(Yes_or_No?)_MEAN,0.0,5
POLICY_Multiple_Products_with_TmNewa_(Yes_or_No?)_SUM,194.00409030914307,5
POLICY_Manafactured_Year_and_Month_diff_MAX,5735.479880809784,5
POLICY_Imported_or_Domestic_Car_index_50_MEAN,12.908700227737427,5
POLICY_Imported_or_Domestic_Car_index_22_MEAN,0.0,5
POLICY_Insurance_Coverage_18@_MEAN,51.84469985961914,5
POLICY_Imported_or_Domestic_Car_index_40_MEAN,3.3651599884033203,5
POLICY_Insurance_Coverage_03L_MEAN,23.583149671554565,5
POLICY_Policy_days_from_dbirth_MEAN,2421.3142437934875,5
POLICY_Insurance_Coverage_15F_MEAN,45.442909955978394,5
POLICY_Insurance_Coverage_46A_MEAN,0.0,5
POLICY_Main_Insurance_Coverage_Group_車責_MEAN,317.14327096939087,5
POLICY_Insurance_Coverage_68E_MEAN,0.0,5
POLICY_iply_area_area_20_MEAN,0.0,5
POLICY_Insured_Amount3_MAX,29571.901438474655,5
POLICY_Insured_Amount3_MEAN,5146.887386083603,5
POLICY_Insured_Amount3_SUM,688.545271396637,5
POLICY_Main_Insurance_Coverage_Group_竊盜_MEAN,19484.59058713913,5
POLICY_Insurance_Coverage_33O_MEAN,0.0,5
POLICY_Coverage_Deductible_if_applied_MAX,43.51729774475098,5
POLICY_Coverage_Deductible_if_applied_MEAN,814.346138715744,5
POLICY_Coverage_Deductible_if_applied_SUM,64.22715902328491,5
POLICY_lia_class_MAX,39545.87748384476,5
POLICY_lia_class_MEAN,78.61466932296753,5
POLICY_Insurance_Coverage_01A_MEAN,37.12721037864685,5
POLICY_Insurance_Coverage_01J_MEAN,0.0,5
POLICY_Main_Insurance_Coverage_Group_車損_MEAN,701.5403838157654,5
POLICY_Insurance_Coverage_56B_MEAN,0.0,5
POLICY_Insurance_Coverage_05N_MEAN,1010.6725416183472,5
POLICY_Premium_MAX,5351.4627277851105,5
POLICY_Premium_MEAN,2319.0201613903046,5
POLICY_Premium_SUM,1563.0082185268402,5
POLICY_Insurance_Coverage_51O_MEAN,1179.7499468326569,5
POLICY_fassured_cat_1_MEAN,247.0341033935547,5
POLICY_Insurance_Coverage_70P_MEAN,0.0,5
POLICY_iply_area_area_5_MEAN,45.597179651260376,5
POLICY_Insurance_Coverage_16P_MEAN,105.28309774398804,5
POLICY_Insurance_Coverage_14E_MEAN,65.87408971786499,5
POLICY_Imported_or_Domestic_Car_index_23_MEAN,0.0,5
POLICY_Insurance_Coverage_66L_MEAN,0.0,5
POLICY_Insurance_Coverage_56K_MEAN,0.0,5
POLICY_Insurance_Coverage_70G_MEAN,0.0,5
POLICY_Insurance_Coverage_34P_MEAN,0.0,5
POLICY_Imported_or_Domestic_Car_index_30_MEAN,76.95808839797974,5
POLICY_plia_acc_MAX,10256.570584774017,5
POLICY_plia_acc_MEAN,232.60650444030762,5
POLICY_iply_area_area_18_MEAN,0.0,5
POLICY_Insurance_Coverage_33F_MEAN,0.0,5
POLICY_Insurance_Coverage_20B_MEAN,161.44084215164185,5
POLICY_iply_area_area_1_MEAN,26.878780841827393,5
POLICY_Insurance_Coverage_32N_MEAN,0.0,5
POLICY_Insurance_Coverage_27I_MEAN,0.0,5
POLICY_Insurance_Coverage_15O_MEAN,81.52007055282593,5
POLICY_iply_area_area_16_MEAN,0.0,5
POLICY_iply_area_area_6_MEAN,16.447559595108032,5
POLICY_fassured_cat_0_MEAN,0.0,5
POLICY_Manafactured_Year_and_Month_MAX,129.3009581565857,5
POLICY_Insurance_Coverage_72@_MEAN,0.0,5
POLICY_Insurance_Coverage_14N_MEAN,0.0,5
POLICY_Insured_Amount2_MAX,105.79843926429749,5
POLICY_Insured_Amount2_MEAN,428.0030701160431,5
POLICY_Insured_Amount2_SUM,202.1236801147461,5
POLICY_iply_area_area_14_MEAN,91.31671905517578,5
POLICY_Insurance_Coverage_68N_MEAN,0.0,5
POLICY_New_Insured_Amount_max_MAX,34.940239906311035,5
POLICY_New_Insured_Amount_max_MEAN,28.366010189056396,5
POLICY_New_Insured_Amount_max_SUM,78.05157923698425,5
POLICY_iply_area_area_8_MEAN,86.00069904327393,5
POLICY_iply_area_area_7_MEAN,8.098479986190796,5
POLICY_iply_area_area_13_MEAN,7.395999908447266,5
POLICY_Insurance_Coverage_57C_MEAN,0.0,5
POLICY_iply_area_area_2_MEAN,275.41771268844604,5
POLICY_iply_area_area_10_MEAN,33.462430238723755,5
POLICY_Insurance_Coverage_65K_MEAN,0.0,5
POLICY_Deductible_calc_MAX,19688.644854784012,5
POLICY_Deductible_calc_MEAN,491.75644278526306,5
POLICY_Deductible_calc_SUM,1679.7931215763092,5
POLICY_Insured_Amount1_MAX,343.2510006427765,5
POLICY_Insured_Amount1_MEAN,403.831661939621,5
POLICY_Insured_Amount1_SUM,444.78987669944763,5
POLICY_iply_area_area_0_MEAN,163.22083187103271,5
POLICY_iply_area_area_4_MEAN,15.629889726638794,5
POLICY_qpt_MAX,1851.1797506809235,5
POLICY_qpt_MEAN,71.9059796333313,5
POLICY_iply_area_area_19_MEAN,0.0,5
POLICY_Insurance_Coverage_16G_MEAN,5014.427847862244,5
POLICY_Insurance_Coverage_05E_MEAN,131.66433191299438,5
POLICY_Insurance_Coverage_36I_MEAN,0.0,5
POLICY_Insurance_Coverage_37J_MEAN,0.0,5
POLICY_Insurance_Coverage_71H_MEAN,0.0,5
POLICY_Insurance_Coverage_29K_MEAN,201.8410999774933,5
POLICY_Policy_days_from_ibirth_MEAN,6945.196957588196,5
POLICY_Insurance_Coverage_06F_MEAN,0.0,5
POLICY_Insurance_Coverage_04M_MEAN,2342.307143688202,5
POLICY_Insurance_Coverage_35H_MEAN,0.0,5
POLICY_iply_area_area_21_MEAN,0.0,5
POLICY_Insurance_Coverage_66C_MEAN,0.0,5
POLICY_iply_area_area_12_MEAN,2.604919910430908,5
POLICY_Insurance_Coverage_10A_MEAN,111.91674947738647,5
POLICY_fassured_cat_2_MEAN,0.0,5
POLICY_Insurance_Coverage_41E_MEAN,0.0,5
POLICY_iply_area_area_9_MEAN,52.02397966384888,5
POLICY_pdmg_acc_MAX,4670.55841255188,5
POLICY_pdmg_acc_MEAN,65.69611930847168,5
POLICY_iply_area_area_15_MEAN,11.837899684906006,5
POLICY_Insurance_Coverage_02K_MEAN,121.87502884864807,5
POLICY_Insurance_Coverage_00I_MEAN,91.76862001419067,5
POLICY_Insurance_Coverage_42F_MEAN,19.808319807052612,5
POLICY_Insurance_Coverage_26H_MEAN,57.8650598526001,5
POLICY_Imported_or_Domestic_Car_index_24_MEAN,35.1711802482605,5
POLICY_Insurance_Coverage_29B_MEAN,171.83168053627014,5
POLICY_Insurance_Coverage_67D_MEAN,0.0,5
POLICY_iply_area_area_11_MEAN,0.0,5
POLICY_Engine_Displacement_(Cubic_Centimeter)_MAX,3039.088230609894,5
POLICY_Insurance_Coverage_55J_MEAN,319.3608283996582,5
POLICY_Insurance_Coverage_18I_MEAN,0.0,5
POLICY_Replacement_cost_of_insured_vehicle_MAX,1222.6188216209412,5
POLICY_Replacement_cost_of_insured_vehicle_MEAN,94.66742944717407,5
POLICY_Replacement_cost_of_insured_vehicle_SUM,1041.4130337238312,5
POLICY_Insurance_Coverage_57L_MEAN,22.478220462799072,5
POLICY_iply_area_area_17_MEAN,0.0,5
POLICY_Insurance_Coverage_20K_MEAN,479.0440864562988,5
POLICY_Insurance_Coverage_25G_MEAN,0.0,5
POLICY_fassured_cat_3_MEAN,0.0,5
POLICY_iply_area_area_3_MEAN,47.997129917144775,5
POLICY_Insurance_Coverage_09@_MEAN,34.89821004867554,5
POLICY_Imported_or_Domestic_Car_index_20_MEAN,0.0,5
POLICY_Insurance_Coverage_09I_MEAN,0.0,5
POLICY_Insurance_Coverage_08H_MEAN,22.988990306854248,5
POLICY_Imported_or_Domestic_Car_index_21_MEAN,0.0,5
POLICY_Insurance_Coverage_41N_MEAN,393.45009422302246,5
POLICY_COUNT,27.643939971923828,5
POLICY_CURR_Insured_Amount3_MAX,0.0,5
POLICY_CURR_Insured_Amount3_MEAN,279.33370876312256,5
POLICY_CURR_Insured_Amount3_SUM,0.0,5
POLICY_CURR_Insured_Amount1_MAX,16.84883975982666,5
POLICY_CURR_Insured_Amount1_MEAN,294.11544847488403,5
POLICY_CURR_Insured_Amount1_SUM,84.23743057250977,5
POLICY_CURR_New_Insured_Amount_max_MAX,0.0,5
POLICY_CURR_New_Insured_Amount_max_MEAN,20.84516954421997,5
POLICY_CURR_New_Insured_Amount_max_SUM,0.0,5
POLICY_CURR_Premium_MAX,34650.04268503189,5
POLICY_CURR_Premium_MEAN,4065.1582136154175,5
POLICY_CURR_Premium_SUM,28487.92927479744,5
POLICY_CURR_Insured_to_Premium_ratio_MAX,20099.476389169693,5
POLICY_CURR_Insured_to_Premium_ratio_MEAN,1782.0012102127075,5
POLICY_CURR_Insured_Amount2_MAX,0.0,5
POLICY_CURR_Insured_Amount2_MEAN,212.39486956596375,5
POLICY_CURR_Insured_Amount2_SUM,33.73236036300659,5
POLICY_CURR_Deductible_calc_MAX,20.07767963409424,5
POLICY_CURR_Deductible_calc_MEAN,616.0967804193497,5
POLICY_CURR_Deductible_calc_SUM,8.130049705505371,5
CLAIM_Coverage_70P_MEAN,0.0,5
CLAIM_Coverage_41N_MEAN,0.0,5
CLAIM_Coverage_03L_MEAN,0.0,5
CLAIM_Coverage_16P_MEAN,2977.991384744644,5
CLAIM_Marital_Status_of_Driver_stat_2_MEAN,13.655700206756592,5
CLAIM_Coverage_10A_MEAN,0.0,5
CLAIM_Driver_days_from_accident_MEAN,1831.9906928539276,5
CLAIM_Coverage_15O_MEAN,0.0,5
CLAIM_Coverage_15F_MEAN,0.0,5
CLAIM_Cause_of_Loss_cause_2_MEAN,0.0,5
CLAIM_Coverage_00I_MEAN,0.0,5
CLAIM_Coverage_32N_MEAN,0.0,5
CLAIM_Cause_of_Loss_cause_9_MEAN,0.0,5
CLAIM_Coverage_02K_MEAN,0.0,5
CLAIM_Coverage_14N_MEAN,0.0,5
CLAIM_Coverage_57C_MEAN,0.0,5
CLAIM_Coverage_18@_MEAN,0.0,5
CLAIM_Driver's_Relationship_with_Insured_rls_4_MEAN,0.0,5
CLAIM_Cause_of_Loss_cause_14_MEAN,0.0,5
CLAIM_Coverage_42F_MEAN,0.0,5
CLAIM_Coverage_05N_MEAN,0.0,5
CLAIM_Cause_of_Loss_cause_3_MEAN,0.0,5
CLAIM_Coverage_20B_MEAN,413.9928066730499,5
CLAIM_Coverage_12L_MEAN,0.0,5
CLAIM_Cause_of_Loss_cause_11_MEAN,0.0,5
CLAIM_Cause_of_Loss_cause_6_MEAN,0.0,5
CLAIM_Coverage_56B_MEAN,0.0,5
CLAIM_Paid_Loss_Amount_MEAN,4683.123406887054,5
CLAIM_Paid_Loss_Amount_MAX,3912.812679052353,5
CLAIM_Paid_Loss_Amount_SUM,1147.027527332306,5
CLAIM_Coverage_41E_MEAN,0.0,5
CLAIM_Cause_of_Loss_cause_10_MEAN,0.0,5
CLAIM_Coverage_34P_MEAN,0.0,5
CLAIM_Coverage_45@_MEAN,0.0,5
CLAIM_Driver's_Gender_MEAN,233.92831945419312,5
CLAIM_Coverage_01A_MEAN,0.0,5
CLAIM_Cause_of_Loss_cause_5_MEAN,8.574180126190186,5
CLAIM_Driver's_Relationship_with_Insured_rls_5_MEAN,26.97457981109619,5
CLAIM_Nature_of_the_claim_MEAN,63.05799961090088,5
CLAIM_Nature_of_the_claim_MAX,0.0,5
CLAIM_At_Fault?_MAX,314.1465859413147,5
CLAIM_At_Fault?_MEAN,174.6015808582306,5
CLAIM_At_Fault?_SUM,917.1012091636658,5
CLAIM_Coverage_40M_MEAN,0.0,5
CLAIM_Coverage_06F_MEAN,0.0,5
CLAIM_paid_Expenses_Amount_MAX,87.53581953048706,5
CLAIM_paid_Expenses_Amount_MEAN,58.62890934944153,5
CLAIM_paid_Expenses_Amount_SUM,87.66125011444092,5
CLAIM_Coverage_57L_MEAN,0.0,5
CLAIM_Cause_of_Loss_cause_1_MEAN,23.14139986038208,5
CLAIM_Coverage_35H_MEAN,0.0,5
CLAIM_Coverage_04M_MEAN,40.818379402160645,5
CLAIM_Driver's_Relationship_with_Insured_rls_1_MEAN,144.09823989868164,5
CLAIM_Driver's_Relationship_with_Insured_rls_2_MEAN,26.135960578918457,5
CLAIM_Driver's_Relationship_with_Insured_rls_7_MEAN,0.0,5
CLAIM_Cause_of_Loss_cause_13_MEAN,0.0,5
CLAIM_Deductible_MAX,0.0,5
CLAIM_Deductible_MEAN,0.0,5
CLAIM_Deductible_SUM,0.0,5
CLAIM_number_of_claimants_MAX,0.0,5
CLAIM_number_of_claimants_MEAN,89.79191017150879,5
CLAIM_number_of_claimants_SUM,144.14704966545105,5
CLAIM_Coverage_18I_MEAN,0.0,5
CLAIM_Salvage_or_Subrogation?_MAX,60.732370376586914,5
CLAIM_Salvage_or_Subrogation?_MEAN,15.43574047088623,5
CLAIM_Salvage_or_Subrogation?_SUM,27.120699882507324,5
CLAIM_Driver_days_from_birth_MEAN,342.86049938201904,5
CLAIM_Coverage_26H_MEAN,0.0,5
CLAIM_Cause_of_Loss_cause_4_MEAN,0.0,5
CLAIM_Coverage_25G_MEAN,0.0,5
CLAIM_Coverage_14E_MEAN,0.0,5
CLAIM_Coverage_07P_MEAN,0.0,5
CLAIM_Coverage_29B_MEAN,0.0,5
CLAIM_Coverage_56K_MEAN,0.0,5
CLAIM_Cause_of_Loss_cause_12_MEAN,0.0,5
CLAIM_Cause_of_Loss_cause_15_MEAN,0.0,5
CLAIM_Cause_of_Loss_cause_8_MEAN,0.0,5
CLAIM_Coverage_55J_MEAN,24.993540287017822,5
CLAIM_Cause_of_Loss_cause_16_MEAN,0.0,5
CLAIM_Coverage_66L_MEAN,0.0,5
CLAIM_Coverage_33O_MEAN,0.0,5
CLAIM_Coverage_29K_MEAN,0.0,5
CLAIM_Coverage_16G_MEAN,19.20661997795105,5
CLAIM_Coverage_33F_MEAN,0.0,5
CLAIM_Coverage_46A_MEAN,0.0,5
CLAIM_Driver's_Relationship_with_Insured_rls_6_MEAN,17.498259782791138,5
CLAIM_Cause_of_Loss_cause_7_MEAN,0.0,5
CLAIM_Coverage_05E_MEAN,0.0,5
CLAIM_Coverage_08H_MEAN,0.0,5
CLAIM_Coverage_51O_MEAN,0.0,5
CLAIM_Marital_Status_of_Driver_stat_1_MEAN,16.8167405128479,5
CLAIM_Coverage_36I_MEAN,0.0,5
CLAIM_Driver's_Relationship_with_Insured_rls_3_MEAN,7.500510215759277,5
CLAIM_Cause_of_Loss_cause_0_MEAN,6874.094175815582,5
CLAIM_Coverage_20K_MEAN,27.818989753723145,5
CLAIM_Coverage_09@_MEAN,0.0,5
CLAIM_Coverage_70G_MEAN,0.0,5
CLAIM_COUNT,0.0,5
CLAIM_NUNIQUE_COUNT,87.99504089355469,5
